<?xml version="1.0" encoding="UTF-8"?>
<beans xmlns="http://www.springframework.org/schema/beans"
	xmlns:xsi="http://www.w3.org/2001/XMLSchema-instance" xmlns:aop="http://www.springframework.org/schema/aop"
	xmlns:tx="http://www.springframework.org/schema/tx" xmlns:jdbc="http://www.springframework.org/schema/jdbc"
	xmlns:context="http://www.springframework.org/schema/context"
	xmlns:mvc="http://www.springframework.org/schema/mvc"
	xsi:schemaLocation="
     http://www.springframework.org/schema/context http://www.springframework.org/schema/context/spring-context-3.0.xsd
     http://www.springframework.org/schema/beans http://www.springframework.org/schema/beans/spring-beans-3.0.xsd
     http://www.springframework.org/schema/jdbc http://www.springframework.org/schema/jdbc/spring-jdbc-3.0.xsd
     http://www.springframework.org/schema/tx http://www.springframework.org/schema/tx/spring-tx-3.0.xsd
     http://www.springframework.org/schema/aop http://www.springframework.org/schema/aop/spring-aop-3.0.xsd
     http://www.springframework.org/schema/mvc http://www.springframework.org/schema/mvc/spring-mvc.xsd">
	
	
	

   <context:annotation-config />
	<context:component-scan base-package="fzu.edu.dmxt.service" />

	<bean id="dataSource" class="org.springframework.jdbc.datasource.DriverManagerDataSource">  
	  <property name="driverClassName">  
	      <value>com.mysql.jdbc.Driver</value>  
	  </property>  
	  <property name="url">  
	      <value>jdbc:mysql://localhost:3306/enginepractice?characterEncoding=UTF-8</value>
	
	  </property>  
	  <property name="username">  
	      <value>root</value>  
	  </property>  
	  <property name="password">  
	      <value>12345678</value>
	  </property>  	
	</bean>
	
	
	<bean id="sqlSession" class="org.mybatis.spring.SqlSessionFactoryBean">
		<property name="typeAliasesPackage" value="fzu.edu.dmxt.pojo" />
		<property name="dataSource" ref="dataSource"/>
		<property name="mapperLocations" value="classpath:fzu/edu/dmxt/mapper/*.xml"/>
	</bean>

	<bean class="org.mybatis.spring.mapper.MapperScannerConfigurer">
		<property name="basePackage" value="fzu.edu.dmxt.dao"/>
	</bean>
	


</beans>