<?xml version="1.0" encoding="UTF-8"?>
<!DOCTYPE mapper
        PUBLIC "-//mybatis.org//DTD Mapper 3.0//EN"
        "http://mybatis.org/dtd/mybatis-3-mapper.dtd">

<mapper namespace="fzu.edu.dmxt.dao.CourseDao">
    <insert id="add" parameterType="Course" >
        insert into course ( course_number,course_name,teacherID,class_time,class_location )
        values (#{course_number},#{course_name},#{teacherID},#{class_time},#{class_location})
    </insert>

    <delete id="delete" parameterType="Course" >
        delete from course where id= #{id}
    </delete>

    <select id="get" parameterType="_int" resultType="Course">
        select * from course  where id= #{id}
    </select>

    <update id="update" parameterType="Course" >
        update course set course_number=#{course_number},course_name=#{course_name},teacherID=#{teacherID},class_time=#{class_time},class_location=#{class_location} where id=#{id}
    </update>
    <select id="list" resultType="Course">
        select * from course
    </select>
</mapper>