<?xml version="1.0" encoding="UTF-8"?>
<!DOCTYPE mapper
        PUBLIC "-//mybatis.org//DTD Mapper 3.0//EN"
        "http://mybatis.org/dtd/mybatis-3-mapper.dtd">

<mapper namespace="fzu.edu.dmxt.dao.NamerecordDao">
    <insert id="add" parameterType="Namerecord" >
        insert into namerecord ( course_ID,student_ID,absence ) values (#{course_ID},#{student_ID},#{absence})
    </insert>

    <delete id="delete" parameterType="Namerecord" >
        delete from namerecord where id= #{id}
    </delete>

    <select id="get" parameterType="_int" resultType="Namerecord">
        select * from namerecord  where id= #{id}
    </select>

    <update id="update" parameterType="Namerecord" >
        update namerecord set course_ID=#{course_ID},student_ID=#{student_ID},absence=#{absence} where id=#{id}
    </update>
    <select id="list" resultType="Namerecord">
        select * from namerecord
    </select>
</mapper>

