<?xml version="1.0" encoding="UTF-8"?>
<!DOCTYPE mapper
        PUBLIC "-//mybatis.org//DTD Mapper 3.0//EN"
        "http://mybatis.org/dtd/mybatis-3-mapper.dtd">

<mapper namespace="fzu.edu.dmxt.dao.PermissionDao">
    <insert id="add" parameterType="Permission" >
        insert into permission ( name,url) values (#{name},#{url})
    </insert>

    <delete id="delete" parameterType="Permission" >
        delete from permission where id= #{id}
    </delete>

    <select id="get" parameterType="_int" resultType="Permission">
        select * from   permission  where id= #{id}
    </select>

    <update id="update" parameterType="Permission" >
        update permission set name=#{name},url=#{url} where id=#{id}
    </update>
    <select id="list" resultType="Permission">
        select * from   permission
    </select>
</mapper>