<?xml version="1.0" encoding="UTF-8"?>
<!DOCTYPE mapper
        PUBLIC "-//mybatis.org//DTD Mapper 3.0//EN"
        "http://mybatis.org/dtd/mybatis-3-mapper.dtd">

<mapper namespace="fzu.edu.dmxt.dao.RoleDao">
    <insert id="add" parameterType="Role" >
        insert into role ( name,per_id ) values (#{name},#{per_id})
    </insert>

    <delete id="delete" parameterType="Role" >
        delete from role where id= #{id}
    </delete>

    <select id="get" parameterType="_int" resultType="Role">
        select * from role where id= #{id}
    </select>

    <update id="update" parameterType="Role" >
        update role set name=#{name},per_id=#{per_id} where id=#{id}
    </update>
    <select id="list" resultType="Category">
        select * from role
    </select>
</mapper>