<?xml version="1.0" encoding="UTF-8"?>
<!DOCTYPE mapper
        PUBLIC "-//mybatis.org//DTD Mapper 3.0//EN"
        "http://mybatis.org/dtd/mybatis-3-mapper.dtd">

<mapper namespace="fzu.edu.dmxt.dao.TeacherDao">
    <insert id="add" parameterType="Teacher" >
        insert into teacher ( school,college,teacher_ID,name,tel,avatar,sex,last_land_time,reg_time,online )
        values (#{school},#{college},#{teacher_ID},#{name},#{tel},#{avatar},#{sex},#{last_land_time},#{reg_time},#{online})
    </insert>

    <delete id="delete" parameterType="Teacher" >
        delete from teacher where id= #{id}
    </delete>

    <select id="get" parameterType="_int" resultType="Teacher">
        select * from  teacher  where id= #{id}
    </select>

    <update id="update" parameterType="Teacher" >
        update teacher set school=#{school},college=#{college},teacher_ID=#{teacher_ID},name=#{name},tel=#{tel},avatar=#{avatar}
        sex=#{sex},last_land_time=#{last_land_time},reg_time=#{reg_time},online=#{online} where id=#{id}
    </update>
    <select id="list" resultType="Teacher">
        select * from teacher
    </select>
    <update id="updateOnline" parameterType="Teacher" >
        update teacher set online=#{online} where id=#{id}
    </update>
</mapper>
